Timestamp,Sensor_ID,Hour,Day,Congestion_Score,Latitude,Longitude
2023-01-01 00:00:00,2,0,6,66,39.25829043235558,-114.80794481060612
2023-01-01 01:00:00,35,1,6,59,34.5617735173082,-114.84499684841704
2023-01-01 02:00:00,12,2,6,27,35.65634759680008,-119.68029986173661
2023-01-01 03:00:00,22,3,6,40,34.83297756368899,-120.22774457767643
2023-01-01 04:00:00,38,4,6,63,36.26546261069331,-118.80981600763266
2023-01-01 05:00:00,45,5,6,96,40.560625366094484,-118.6427018709249
2023-01-01 06:00:00,4,6,6,20,38.30621488812405,-118.82076808911982
2023-01-01 07:00:00,23,7,6,66,35.92885650596656,-122.31976098615499
2023-01-01 08:00:00,23,8,6,96,34.924582812820795,-121.19863812774356
2023-01-01 09:00:00,10,9,6,78,40.23898110008863,-120.56673420032274
2023-01-01 10:00:00,25,10,6,56,35.90153910725366,-120.5390184304457
2023-01-01 11:00:00,38,11,6,26,40.322605328865684,-121.07168257973176
2023-01-01 12:00:00,15,12,6,53,33.70569563027978,-118.05126084703511
2023-01-01 13:00:00,49,13,6,57,39.77095560057505,-121.30484214011213
2023-01-01 14:00:00,48,14,6,66,34.716381383839014,-118.60005860957791
2023-01-01 15:00:00,2,15,6,10,41.83172766754201,-119.16741734220322
2023-01-01 16:00:00,3,16,6,77,39.58303301806532,-120.70839587341356
2023-01-01 17:00:00,6,17,6,14,35.96568342064272,-116.12717693029757
2023-01-01 18:00:00,31,18,6,19,38.850252944244076,-120.76401958646544
2023-01-01 19:00:00,18,19,6,86,37.82522217888256,-116.69184523819712
2023-01-01 20:00:00,20,20,6,25,39.79242847615842,-115.76284519454678
2023-01-01 21:00:00,39,21,6,33,35.89300563176384,-122.1308246040938
2023-01-01 22:00:00,4,22,6,41,40.37230373620378,-123.47951853420511
2023-01-01 23:00:00,17,23,6,95,37.941993765284174,-115.20390245121867
2023-01-02 00:00:00,48,0,0,13,35.54910056621144,-119.33258626521166
2023-01-02 01:00:00,45,1,0,95,33.30151858829816,-119.9085299786282
2023-01-02 02:00:00,10,2,0,58,39.58295035234155,-116.01377898707044
2023-01-02 03:00:00,47,3,0,89,37.735802629525374,-118.78693201317091
2023-01-02 04:00:00,43,4,0,68,40.73132072018645,-117.80990439080402
2023-01-02 05:00:00,25,5,0,23,39.8077012156179,-116.68317475143797
2023-01-02 06:00:00,25,6,0,57,38.08887753799969,-114.21949444206915
2023-01-02 07:00:00,5,7,0,17,35.797495809820305,-123.75800158694275
2023-01-02 08:00:00,26,8,0,18,39.803258081566284,-119.27236745608224
2023-01-02 09:00:00,2,9,0,39,40.152174543966595,-114.40113159106357
2023-01-02 10:00:00,36,10,0,32,39.87912372006193,-121.32319918692924
2023-01-02 11:00:00,44,11,0,67,35.785569363309435,-123.79525901015327
2023-01-02 12:00:00,23,12,0,25,39.29538116627005,-118.70472062580075
2023-01-02 13:00:00,8,13,0,47,41.56898477817047,-120.94723865869847
2023-01-02 14:00:00,38,14,0,30,36.72315880831552,-116.79306415696313
2023-01-02 15:00:00,29,15,0,65,38.577762156240475,-121.38169148336372
2023-01-02 16:00:00,22,16,0,94,40.728262014927424,-123.15860984843555
2023-01-02 17:00:00,42,17,0,81,33.43779310534428,-122.04019614237083
2023-01-02 18:00:00,26,18,0,44,33.233160567565996,-119.22680162749865
2023-01-02 19:00:00,19,19,0,79,37.344119765891726,-122.2804969538818
2023-01-02 20:00:00,35,20,0,71,34.80185050730293,-119.6695990305619
2023-01-02 21:00:00,41,21,0,12,39.90269582366682,-121.96430023686078
2023-01-02 22:00:00,24,22,0,31,35.57471301013512,-117.70766320753324
2023-01-02 23:00:00,43,23,0,57,39.025581592269546,-124.12496231318923
2023-01-03 00:00:00,10,0,1,71,40.55641487882301,-121.12573180191792
2023-01-03 01:00:00,15,1,1,31,38.31973800952829,-114.52186577039578
2023-01-03 02:00:00,11,2,1,82,41.70066674971006,-119.24145865018514
2023-01-03 03:00:00,23,3,1,27,33.61647844226766,-114.6512209509614
2023-01-03 04:00:00,26,4,1,40,38.11852697164064,-124.20340318423149
2023-01-03 05:00:00,19,5,1,48,41.030172766035726,-115.46093459559327
2023-01-03 06:00:00,19,6,1,45,34.38766565612474,-116.19612185197789
2023-01-03 07:00:00,43,7,1,86,37.34667941674656,-114.91029117445359
2023-01-03 08:00:00,49,8,1,79,38.44686018115743,-119.65970106903035
2023-01-03 09:00:00,22,9,1,88,34.190186121319215,-118.93113866271902
2023-01-03 10:00:00,8,10,1,80,37.773424304144825,-118.4807367361326
2023-01-03 11:00:00,3,11,1,86,39.133479688790956,-116.50300494442381
2023-01-03 12:00:00,6,12,1,24,35.786263449065274,-118.10586100670365
2023-01-03 13:00:00,32,13,1,76,34.54992419034415,-117.81644627512085
2023-01-03 14:00:00,26,14,1,36,38.81247418262366,-124.2505389177711
2023-01-03 15:00:00,46,15,1,14,33.52326084536149,-120.43393295884216
2023-01-03 16:00:00,11,16,1,13,39.5057799254284,-117.17554477411882
2023-01-03 17:00:00,34,17,1,14,34.71937028936901,-119.87023261953856
2023-01-03 18:00:00,23,18,1,37,36.471574537763246,-121.76341608708678
2023-01-03 19:00:00,44,19,1,54,41.74521459577455,-122.52952556263607
2023-01-03 20:00:00,49,20,1,40,39.819645273316596,-122.7875468410643
2023-01-03 21:00:00,4,21,1,26,40.26004619157148,-117.81160450572402
2023-01-03 22:00:00,25,22,1,58,34.468745881550696,-116.0533300074468
2023-01-03 23:00:00,44,23,1,57,40.23378959655069,-121.26372140707629
2023-01-04 00:00:00,31,0,2,77,37.25463942167619,-119.01954936110008
2023-01-04 01:00:00,41,1,2,97,35.179529847213644,-122.4331637735393
2023-01-04 02:00:00,20,2,2,95,41.79350493156592,-114.66806059958472
2023-01-04 03:00:00,46,3,2,86,32.84057265121137,-115.30523842622812
2023-01-04 04:00:00,11,4,2,87,41.39126742726744,-123.03839555109909
2023-01-04 05:00:00,13,5,2,59,35.47012154161159,-118.27159729474252
2023-01-04 06:00:00,12,6,2,17,39.330701787497965,-117.40685011409604
2023-01-04 07:00:00,35,7,2,38,40.94554235755394,-120.75981503153692
2023-01-04 08:00:00,48,8,2,98,38.89297139968659,-123.0827463288156
2023-01-04 09:00:00,5,9,2,25,37.54561278241958,-116.78953385097151
2023-01-04 10:00:00,24,10,2,96,34.82815085017493,-121.26682034278663
2023-01-04 11:00:00,14,11,2,22,38.76456317486923,-123.06665451000585
2023-01-04 12:00:00,35,12,2,82,33.8275270898773,-123.86829298807086
2023-01-04 13:00:00,19,13,2,11,36.36970209924705,-116.6525033974754
2023-01-04 14:00:00,3,14,2,82,32.53279573996595,-114.59443224994648
2023-01-04 15:00:00,5,15,2,26,33.08267023540193,-117.62134497213998
2023-01-04 16:00:00,25,16,2,89,36.89999097669982,-121.55749445787238
2023-01-04 17:00:00,15,17,2,68,34.847566341110586,-121.27441878452392
2023-01-04 18:00:00,7,18,2,31,37.94558583074521,-120.11547473149274
2023-01-04 19:00:00,10,19,2,26,38.619439864831605,-121.69823745615375
2023-01-04 20:00:00,12,20,2,45,38.74546581865965,-117.47085832191527
2023-01-04 21:00:00,12,21,2,83,40.53560933876097,-118.2157301585625
2023-01-04 22:00:00,41,22,2,73,32.50599607212429,-121.37848173047006
2023-01-04 23:00:00,8,23,2,61,33.08283227243499,-121.90728642551879
2023-01-05 00:00:00,17,0,3,21,40.15977683522323,-115.29407796691807
2023-01-05 01:00:00,9,1,3,70,38.33310516650846,-116.39559800715014
2023-01-05 02:00:00,46,2,3,83,35.6893853986692,-116.36759720451177
2023-01-05 03:00:00,18,3,3,30,37.23075557516666,-117.75579442727269
2023-01-05 04:00:00,27,4,3,16,37.17342901807368,-119.97334496925626
2023-01-05 05:00:00,44,5,3,55,38.09736439439598,-116.38325643181692
2023-01-05 06:00:00,25,6,3,26,37.77875614953507,-118.82928400729767
2023-01-05 07:00:00,47,7,3,81,39.24904066263443,-115.0216740896859
2023-01-05 08:00:00,44,8,3,49,40.524092830155254,-118.37193869094911
2023-01-05 09:00:00,35,9,3,15,40.255873161058254,-123.94713797388974
2023-01-05 10:00:00,35,10,3,30,33.91401358903596,-118.15567734671396
2023-01-05 11:00:00,5,11,3,69,36.578540525554715,-116.41360836267741
2023-01-05 12:00:00,43,12,3,83,38.63831241238,-123.28109509027342
2023-01-05 13:00:00,24,13,3,63,39.04017317535739,-124.27032030998112
2023-01-05 14:00:00,8,14,3,44,41.706791447730254,-118.17673150655756
2023-01-05 15:00:00,37,15,3,51,37.88866039240064,-119.74014377544161
2023-01-05 16:00:00,4,16,3,11,33.66871358770473,-123.30289705730819
2023-01-05 17:00:00,22,17,3,20,37.53360926050078,-119.40959342500469
2023-01-05 18:00:00,20,18,3,65,35.08014147893005,-115.87886230548291
2023-01-05 19:00:00,38,19,3,67,34.0783656296143,-122.76011896235194
2023-01-05 20:00:00,48,20,3,85,38.69999265542966,-124.25341067005735
2023-01-05 21:00:00,18,21,3,83,36.31634754173534,-117.7048540539118
2023-01-05 22:00:00,15,22,3,93,33.89711115376844,-118.57879120551682
2023-01-05 23:00:00,39,23,3,24,39.537851075140495,-118.92329446490628
2023-01-06 00:00:00,14,0,4,35,41.26461417312571,-121.39070444850708
2023-01-06 01:00:00,2,1,4,69,37.5933371349896,-123.01607876747008
2023-01-06 02:00:00,28,2,4,89,40.44302247390221,-119.52594802522667
2023-01-06 03:00:00,46,3,4,55,39.814423114471495,-115.06352702384214
2023-01-06 04:00:00,45,4,4,26,34.29891868748998,-123.07680704264605
2023-01-06 05:00:00,23,5,4,91,36.5659228318027,-117.15164049583386
2023-01-06 06:00:00,4,6,4,24,36.423730924740006,-114.8489835391547
2023-01-06 07:00:00,30,7,4,51,41.959806020286464,-123.46742764512281
2023-01-06 08:00:00,18,8,4,76,39.085509299125135,-124.33008835887843
2023-01-06 09:00:00,37,9,4,21,34.92744531344766,-120.11436978662782
2023-01-06 10:00:00,25,10,4,29,33.76585898454982,-121.4070544631274
2023-01-06 11:00:00,10,11,4,21,40.450109427235034,-119.8233267262049
2023-01-06 12:00:00,16,12,4,83,38.131375228655024,-116.88250342721716
2023-01-06 13:00:00,5,13,4,92,38.83525563182733,-116.99785414900451
2023-01-06 14:00:00,7,14,4,18,34.10869739079525,-122.89349979840632
2023-01-06 15:00:00,19,15,4,79,38.751971909529274,-122.42522633272533
2023-01-06 16:00:00,15,16,4,15,32.69867882126441,-116.26456891685038
2023-01-06 17:00:00,18,17,4,58,35.62381707793387,-114.42796502532156
2023-01-06 18:00:00,45,18,4,37,37.33531262687815,-119.70050686480057
2023-01-06 19:00:00,33,19,4,77,39.835905152042216,-123.76776181382898
2023-01-06 20:00:00,4,20,4,78,36.9127786472073,-117.92306424039889
2023-01-06 21:00:00,48,21,4,95,36.07260151727698,-120.36681004476192
2023-01-06 22:00:00,45,22,4,38,36.222423754212194,-117.96108266684382
2023-01-06 23:00:00,16,23,4,69,40.71329761992743,-120.43715265505688
2023-01-07 00:00:00,28,0,5,57,39.93166175978845,-123.935072867596
2023-01-07 01:00:00,36,1,5,12,35.63075862674571,-121.8857515195851
2023-01-07 02:00:00,17,2,5,23,36.51488658157832,-119.89886582537272
2023-01-07 03:00:00,28,3,5,81,40.00900782016586,-120.65053337198371
2023-01-07 04:00:00,35,4,5,53,37.737738762876944,-116.11799356508443
2023-01-07 05:00:00,47,5,5,33,35.195398736845995,-119.12142729230331
2023-01-07 06:00:00,5,6,5,80,35.40138699750787,-123.22600142118867
2023-01-07 07:00:00,16,7,5,88,33.960044528800864,-120.80527104769254
2023-01-07 08:00:00,15,8,5,29,36.71654135165916,-119.88793489881732
2023-01-07 09:00:00,13,9,5,94,37.667499578020816,-119.70644854121481
2023-01-07 10:00:00,37,10,5,67,35.76442121850817,-123.0321607674226
2023-01-07 11:00:00,14,11,5,19,39.19570275621007,-123.39651168693759
2023-01-07 12:00:00,31,12,5,60,34.262243151789974,-122.8084274293612
2023-01-07 13:00:00,48,13,5,18,39.859826427563085,-123.98043718114258
2023-01-07 14:00:00,28,14,5,23,35.01033230808558,-117.28269976996992
2023-01-07 15:00:00,21,15,5,35,34.31892019840127,-123.31105599553266
2023-01-07 16:00:00,11,16,5,20,38.305477599324796,-117.59866286472837
2023-01-07 17:00:00,47,17,5,53,32.8543034922446,-116.7031942512034
2023-01-07 18:00:00,15,18,5,36,36.84404314370921,-120.30325465127355
2023-01-07 19:00:00,41,19,5,62,38.33548539885247,-123.81650510692504
2023-01-07 20:00:00,46,20,5,95,36.94500672068547,-123.52161119463534
2023-01-07 21:00:00,28,21,5,71,33.368011266163506,-115.03360424278398
2023-01-07 22:00:00,45,22,5,79,35.35787104196939,-118.39727373218109
2023-01-07 23:00:00,27,23,5,97,40.49652003691618,-115.0479208326933
2023-01-08 00:00:00,16,0,6,40,40.9412809741724,-115.6419199480502
2023-01-08 01:00:00,7,1,6,29,32.8391244861334,-114.27358614044327
2023-01-08 02:00:00,5,2,6,84,35.33942266264451,-115.726207841812
2023-01-08 03:00:00,10,3,6,70,37.79122749230822,-121.53093345723812
2023-01-08 04:00:00,37,4,6,95,35.52011639818744,-115.78101067938952
2023-01-08 05:00:00,44,5,6,50,38.120514521406804,-116.10778159238599
2023-01-08 06:00:00,20,6,6,61,40.133191140008265,-115.21501573761667
2023-01-08 07:00:00,11,7,6,13,37.58963371635121,-114.38318588362391
2023-01-08 08:00:00,44,8,6,34,32.55681861709173,-123.98584194906344
2023-01-08 09:00:00,2,9,6,98,33.24509314583794,-124.0181389113846
2023-01-08 10:00:00,38,10,6,84,33.73547726716788,-123.726948709858
2023-01-08 11:00:00,38,11,6,94,37.93442048705952,-119.5797866359552
2023-01-08 12:00:00,23,12,6,23,36.34058477356277,-122.54261496507729
2023-01-08 13:00:00,42,13,6,26,38.57899778263708,-120.1826835069155
2023-01-08 14:00:00,9,14,6,68,40.997586254025194,-122.33921135268017
2023-01-08 15:00:00,43,15,6,79,39.56494139423269,-121.10587312176176
2023-01-08 16:00:00,2,16,6,15,38.44030826738477,-121.90580268191366
2023-01-08 17:00:00,48,17,6,70,36.581599740947894,-121.64705028653285
2023-01-08 18:00:00,28,18,6,85,40.08003092123851,-119.10251894394432
2023-01-08 19:00:00,44,19,6,92,38.42842091309254,-116.52882041151062
2023-01-08 20:00:00,32,20,6,79,35.26348758943925,-124.06723407709595
2023-01-08 21:00:00,33,21,6,60,41.67470816971295,-120.56673895123878
2023-01-08 22:00:00,41,22,6,65,40.280879421602876,-118.8839084185778
2023-01-08 23:00:00,2,23,6,77,35.52888094165103,-114.11343907078503
2023-01-09 00:00:00,15,0,0,16,41.67530811961031,-115.88663078731219
2023-01-09 01:00:00,4,1,0,35,34.85454020539065,-122.2750801167659
2023-01-09 02:00:00,3,2,0,27,36.428268772437214,-117.08192517139541
2023-01-09 03:00:00,27,3,0,12,36.05278972995891,-114.69786641150377
2023-01-09 04:00:00,26,4,0,86,41.43976080109879,-122.1943573950205
2023-01-09 05:00:00,10,5,0,79,32.58286278018168,-121.88676041500649
2023-01-09 06:00:00,20,6,0,86,41.169606101161435,-115.62549365920273
2023-01-09 07:00:00,7,7,0,91,37.975635795816615,-115.10309006634714
2023-01-09 08:00:00,47,8,0,41,35.546746763010226,-122.08078290291283
2023-01-09 09:00:00,37,9,0,14,40.55515113069896,-120.4016302732041
2023-01-09 10:00:00,23,10,0,44,41.0376913469037,-123.04260231317006
2023-01-09 11:00:00,37,11,0,38,40.246847895218586,-116.96251500507904
2023-01-09 12:00:00,47,12,0,81,38.492347348332615,-121.13613438429809
2023-01-09 13:00:00,32,13,0,64,33.34955741929072,-123.55515147477945
2023-01-09 14:00:00,1,14,0,90,38.51327872373853,-121.68345301358137
2023-01-09 15:00:00,14,15,0,75,34.940131957573065,-122.85456487969282
2023-01-09 16:00:00,31,16,0,12,38.564735243256905,-116.48100126918237
2023-01-09 17:00:00,7,17,0,12,35.844316550279586,-119.14490525688139
2023-01-09 18:00:00,16,18,0,44,35.81245054172263,-117.86581104063795
2023-01-09 19:00:00,9,19,0,79,39.331961867417824,-114.38733047388455
2023-01-09 20:00:00,17,20,0,23,41.53646260123233,-119.59899666720985
2023-01-09 21:00:00,28,21,0,90,39.89205188940228,-124.36450985258459
2023-01-09 22:00:00,30,22,0,64,33.93233214943179,-119.88313312076681
2023-01-09 23:00:00,21,23,0,96,35.7616442974585,-117.89023136175818
2023-01-10 00:00:00,45,0,1,26,40.27186460017186,-114.97058497204392
2023-01-10 01:00:00,47,1,1,19,34.407193590131754,-117.11365265760476
2023-01-10 02:00:00,41,2,1,45,33.84826495415915,-120.63965355793032
2023-01-10 03:00:00,45,3,1,17,39.948968158864766,-123.55962059213095
2023-01-10 04:00:00,28,4,1,54,38.91443911343972,-120.70031667566394
2023-01-10 05:00:00,47,5,1,93,35.80339848552768,-123.80301352751519
2023-01-10 06:00:00,45,6,1,33,41.55516662140156,-119.78315825797134
2023-01-10 07:00:00,45,7,1,23,37.16563770989712,-121.30660927489305
2023-01-10 08:00:00,37,8,1,83,41.74106681419032,-114.13564597470456
2023-01-10 09:00:00,47,9,1,65,39.086408749929795,-120.29223610291035
2023-01-10 10:00:00,36,10,1,20,35.5262328541786,-121.92011111521774
2023-01-10 11:00:00,49,11,1,87,36.70353173287262,-124.29351819914615
2023-01-10 12:00:00,38,12,1,14,40.31482441312979,-114.52241153526897
2023-01-10 13:00:00,46,13,1,73,37.21758449758481,-114.44581717845924
2023-01-10 14:00:00,1,14,1,25,39.34503054432383,-117.70105181195933
2023-01-10 15:00:00,41,15,1,74,34.15414482003859,-123.62764500931718
2023-01-10 16:00:00,41,16,1,29,37.61183885139439,-120.96892539902588
2023-01-10 17:00:00,49,17,1,78,36.05345898862373,-118.45330859994957
2023-01-10 18:00:00,38,18,1,96,37.69804737579999,-122.26526170853077
2023-01-10 19:00:00,39,19,1,94,36.31409285384661,-123.6477906940768
2023-01-10 20:00:00,32,20,1,34,41.451212140830776,-121.24846641333777
2023-01-10 21:00:00,32,21,1,19,38.69680346044993,-117.17127299953415
2023-01-10 22:00:00,37,22,1,31,34.38293961640329,-120.23033436073352
2023-01-10 23:00:00,27,23,1,68,34.00450964809934,-114.92133409511852
2023-01-11 00:00:00,38,0,2,43,34.99788257684419,-120.20435081836733
2023-01-11 01:00:00,32,1,2,59,33.57936711412556,-119.71219491413915
2023-01-11 02:00:00,35,2,2,69,33.10512981081717,-121.76078957282651
2023-01-11 03:00:00,17,3,2,81,39.578711589560456,-117.8023849129736
2023-01-11 04:00:00,37,4,2,77,34.14863325031891,-114.36778024484217
2023-01-11 05:00:00,38,5,2,90,33.35275409318975,-122.7290248140345
2023-01-11 06:00:00,32,6,2,32,36.01006324386924,-116.43496093828584
2023-01-11 07:00:00,32,7,2,59,32.64790479962191,-123.20381655318505
2023-01-11 08:00:00,3,8,2,99,35.58005762385865,-120.63616795863929
2023-01-11 09:00:00,38,9,2,55,33.72304044301412,-119.49264135610541
2023-01-11 10:00:00,4,10,2,58,34.768616940085536,-121.29679604792422
2023-01-11 11:00:00,5,11,2,32,40.05398839234793,-119.05313364270992
2023-01-11 12:00:00,45,12,2,23,34.032440154942506,-120.67926680460732
2023-01-11 13:00:00,44,13,2,91,34.48880009718047,-120.80110024024036
2023-01-11 14:00:00,26,14,2,97,36.65090986349021,-124.00774000470497
2023-01-11 15:00:00,6,15,2,67,38.73388227938375,-121.47730296231501
2023-01-11 16:00:00,16,16,2,37,38.865842971628766,-121.85742287482209
2023-01-11 17:00:00,5,17,2,84,40.850986750654684,-114.71001634447923
2023-01-11 18:00:00,20,18,2,31,40.67149286434672,-123.39052960374948
2023-01-11 19:00:00,22,19,2,51,33.86427404081077,-119.94697512970808
2023-01-11 20:00:00,14,20,2,40,33.92727337698944,-115.31875795192968
2023-01-11 21:00:00,17,21,2,95,37.9915123430132,-115.19245898333247
2023-01-11 22:00:00,8,22,2,26,32.56327595143521,-118.87982865170692
2023-01-11 23:00:00,1,23,2,29,41.30499794340873,-119.48019299670287
2023-01-12 00:00:00,10,0,3,49,33.4835983351626,-122.07475098280995
2023-01-12 01:00:00,9,1,3,85,36.192337768589894,-123.82803175624649
2023-01-12 02:00:00,43,2,3,56,40.29567663724773,-121.12830295500329
2023-01-12 03:00:00,41,3,3,98,37.930217208015875,-114.58572660754734
2023-01-12 04:00:00,5,4,3,50,40.26047121044729,-118.81799479352883
2023-01-12 05:00:00,25,5,3,77,39.39532304730206,-119.65696436290116
2023-01-12 06:00:00,43,6,3,42,35.49178796119347,-121.8871258144325
2023-01-12 07:00:00,44,7,3,48,32.517473797984984,-123.97076240558157
2023-01-12 08:00:00,8,8,3,13,38.37096603320566,-117.45892685764024
2023-01-12 09:00:00,38,9,3,92,35.74522241611193,-116.42153737525248
2023-01-12 10:00:00,11,10,3,39,32.701812921120506,-121.06067859906112
2023-01-12 11:00:00,40,11,3,69,32.83139904668348,-115.11129095263072
2023-01-12 12:00:00,7,12,3,47,37.66445377483163,-117.1400766185209
2023-01-12 13:00:00,16,13,3,87,34.755942897355084,-123.24491990418805
2023-01-12 14:00:00,48,14,3,41,37.28051141476591,-116.56450830847713
2023-01-12 15:00:00,46,15,3,52,36.47397367414487,-119.69683702887073
2023-01-12 16:00:00,17,16,3,82,39.38220919000631,-115.67050194552081
2023-01-12 17:00:00,1,17,3,64,32.88913147223605,-119.26935346410521
2023-01-12 18:00:00,33,18,3,12,39.518348517789384,-116.84603793330066
2023-01-12 19:00:00,42,19,3,41,33.26317627714759,-116.89044412446842
2023-01-12 20:00:00,16,20,3,37,35.964560257116354,-114.97010848760624
2023-01-12 21:00:00,26,21,3,95,34.315363499313214,-117.87714350231587
2023-01-12 22:00:00,29,22,3,48,36.66741320111366,-119.69636163797708
2023-01-12 23:00:00,34,23,3,80,35.788785298671264,-120.48587153323996
2023-01-13 00:00:00,46,0,4,59,33.20892980152117,-116.60794711176918
2023-01-13 01:00:00,31,1,4,80,39.52797548477656,-119.974023073142
2023-01-13 02:00:00,23,2,4,98,36.92125499112368,-117.69548566310955
2023-01-13 03:00:00,47,3,4,97,40.899786372241344,-117.57522565789965
2023-01-13 04:00:00,13,4,4,79,39.20051334889234,-123.07770931643053
2023-01-13 05:00:00,24,5,4,22,36.65231608170019,-121.43699132218956
2023-01-13 06:00:00,47,6,4,39,34.13507326140179,-118.4796232301168
2023-01-13 07:00:00,43,7,4,27,33.826389874543025,-115.62270145953548
2023-01-13 08:00:00,29,8,4,98,39.78777505612897,-120.19989605784303
2023-01-13 09:00:00,17,9,4,64,37.72957607519864,-119.66548972046968
2023-01-13 10:00:00,45,10,4,93,33.153429434510066,-121.98974408041676
2023-01-13 11:00:00,19,11,4,23,36.317201995666764,-116.90514905713782
2023-01-13 12:00:00,21,12,4,44,36.70685646807655,-122.99118104069846
2023-01-13 13:00:00,27,13,4,53,32.74861504937783,-121.42530822077158
2023-01-13 14:00:00,30,14,4,90,40.65936400487207,-119.83463783432717
2023-01-13 15:00:00,7,15,4,89,40.12576325994475,-120.6213062288049
2023-01-13 16:00:00,45,16,4,84,35.826348113445114,-119.98135119788115
2023-01-13 17:00:00,2,17,4,77,37.26009968951516,-115.62835655698403
2023-01-13 18:00:00,12,18,4,45,36.5270922753704,-114.94175372014227
2023-01-13 19:00:00,11,19,4,87,41.32660514270859,-117.54162303235181
2023-01-13 20:00:00,33,20,4,59,41.720815518536945,-121.32292380119321
2023-01-13 21:00:00,28,21,4,85,33.94310784433235,-119.40078776849667
2023-01-13 22:00:00,39,22,4,89,36.950823443037066,-121.4788236329788
2023-01-13 23:00:00,21,23,4,42,33.444212350105005,-117.5178430695021
2023-01-14 00:00:00,35,0,5,80,33.06989515172834,-122.27123712544206
2023-01-14 01:00:00,8,1,5,52,40.67738637777167,-119.15476137975226
2023-01-14 02:00:00,5,2,5,51,34.830244863311606,-119.27376175808791
2023-01-14 03:00:00,39,3,5,68,33.00406119196518,-116.64289824023827
2023-01-14 04:00:00,49,4,5,29,38.11491227355387,-117.66820990165027
2023-01-14 05:00:00,33,5,5,70,41.73061478746037,-120.93215291453609
2023-01-14 06:00:00,41,6,5,78,38.69193451811236,-120.89418893904258
2023-01-14 07:00:00,32,7,5,52,41.447865185739744,-119.86367666567543
2023-01-14 08:00:00,37,8,5,40,40.57135116999244,-123.51547549291035
2023-01-14 09:00:00,29,9,5,16,35.41248738030898,-116.45749203923849
2023-01-14 10:00:00,1,10,5,67,39.84776176556338,-121.422025378676
2023-01-14 11:00:00,24,11,5,77,33.844533167173246,-118.46928233599895
2023-01-14 12:00:00,4,12,5,72,40.35613467139887,-123.33498630258495
2023-01-14 13:00:00,6,13,5,75,41.570075740173664,-120.05857340863069
2023-01-14 14:00:00,27,14,5,52,39.371772464466275,-124.34045229041895
2023-01-14 15:00:00,25,15,5,91,36.90774068462443,-121.27560956500005
2023-01-14 16:00:00,28,16,5,94,33.909486865044464,-120.69040523721469
2023-01-14 17:00:00,33,17,5,22,33.02910683202058,-123.39046056675619
2023-01-14 18:00:00,47,18,5,61,34.75212384851754,-117.56865419777351
2023-01-14 19:00:00,12,19,5,51,33.89022267707234,-116.49370704537081
2023-01-14 20:00:00,7,20,5,84,36.62927289273348,-116.94117308935475
2023-01-14 21:00:00,21,21,5,45,36.527145335293206,-124.1606820380908
2023-01-14 22:00:00,23,22,5,90,33.47304902963694,-119.72515380157748
2023-01-14 23:00:00,14,23,5,82,36.17719780738409,-116.17056095505073
2023-01-15 00:00:00,20,0,6,91,36.696016284567555,-114.39901960474909
2023-01-15 01:00:00,31,1,6,94,39.472271644651116,-120.42331825820806
2023-01-15 02:00:00,47,2,6,17,39.68879460606409,-121.6753028127079
2023-01-15 03:00:00,4,3,6,28,39.39347315400318,-119.87073102614826
2023-01-15 04:00:00,10,4,6,78,38.92917281244913,-116.78047915293968
2023-01-15 05:00:00,44,5,6,93,37.33809045656319,-119.54529295253083
2023-01-15 06:00:00,2,6,6,54,41.40238090915369,-120.68706783583208
2023-01-15 07:00:00,7,7,6,57,38.367983248258824,-115.62566179759264
2023-01-15 08:00:00,3,8,6,52,33.01626492214083,-120.30087244857276
2023-01-15 09:00:00,37,9,6,90,40.91231710365482,-124.09298941694368
2023-01-15 10:00:00,10,10,6,67,40.850259675241546,-116.83862979795718
2023-01-15 11:00:00,41,11,6,61,37.239066362631505,-120.61439596497279
2023-01-15 12:00:00,46,12,6,65,36.608152233648305,-117.37559453670362
2023-01-15 13:00:00,42,13,6,53,35.532931869997554,-118.14181279743852
2023-01-15 14:00:00,25,14,6,94,32.63915141796878,-119.92989242632711
2023-01-15 15:00:00,39,15,6,91,39.44258154276686,-115.64319856448107
2023-01-15 16:00:00,17,16,6,39,37.11044504075155,-118.74975251524612
2023-01-15 17:00:00,48,17,6,68,38.575167374203346,-123.85706201628298
2023-01-15 18:00:00,21,18,6,64,38.63805902418504,-118.12279302526318
2023-01-15 19:00:00,25,19,6,17,33.992007727607294,-123.51322945407192
2023-01-15 20:00:00,5,20,6,19,36.38561578507177,-119.8677949542719
2023-01-15 21:00:00,3,21,6,62,39.230918880753634,-117.56869904776782
2023-01-15 22:00:00,47,22,6,35,37.41572964482326,-120.14829124657221
2023-01-15 23:00:00,20,23,6,12,34.24842656802308,-118.17878323494021
2023-01-16 00:00:00,29,0,0,52,34.35299725215898,-120.03494334003283
2023-01-16 01:00:00,29,1,0,64,39.3707887244053,-117.86785961291604
2023-01-16 02:00:00,4,2,0,40,35.310569779129196,-119.91593960303098
2023-01-16 03:00:00,33,3,0,22,33.80101263162348,-119.47263686818518
2023-01-16 04:00:00,24,4,0,77,37.46445871031796,-124.17396273160894
2023-01-16 05:00:00,45,5,0,35,39.355701106212386,-119.24049052193685
2023-01-16 06:00:00,5,6,0,58,35.896423514484866,-121.17324525180788
2023-01-16 07:00:00,37,7,0,84,41.24821927466015,-114.48265934906942
2023-01-16 08:00:00,6,8,0,73,34.801317512426586,-120.86256481523631
2023-01-16 09:00:00,30,9,0,60,39.8680392253981,-116.0587820600417
2023-01-16 10:00:00,24,10,0,88,40.399083445698146,-119.62194707702054
2023-01-16 11:00:00,4,11,0,75,37.11316345246733,-123.64431207508014
2023-01-16 12:00:00,19,12,0,30,38.92671701942796,-118.99916612959808
2023-01-16 13:00:00,11,13,0,38,35.55032237765121,-121.05871028221142
2023-01-16 14:00:00,8,14,0,52,39.98741865161658,-115.18300237408745
2023-01-16 15:00:00,3,15,0,56,40.877370268173756,-122.13478938085966
2023-01-16 16:00:00,5,16,0,62,41.68224615852981,-122.91830672682117
2023-01-16 17:00:00,13,17,0,14,36.536158137441504,-116.05878644689125
2023-01-16 18:00:00,7,18,0,57,32.9110977949664,-121.52194470296064
2023-01-16 19:00:00,43,19,0,68,37.35105932236666,-117.19903230981494
2023-01-16 20:00:00,3,20,0,40,34.16405779108442,-116.31988140829685
2023-01-16 21:00:00,38,21,0,50,37.79674551048547,-121.53541707488841
2023-01-16 22:00:00,34,22,0,90,40.64130911877052,-119.81023232962558
2023-01-16 23:00:00,15,23,0,92,40.42246131185731,-119.34466617845138
2023-01-17 00:00:00,8,0,1,23,35.80458497516565,-120.78252909102969
2023-01-17 01:00:00,8,1,1,44,32.79546980690005,-116.77016671493067
2023-01-17 02:00:00,9,2,1,31,35.6603109820416,-120.12640966128671
2023-01-17 03:00:00,30,3,1,30,38.25059907787954,-116.95164081249683
2023-01-17 04:00:00,49,4,1,41,34.56336563604322,-116.84867975597815
2023-01-17 05:00:00,12,5,1,37,33.438220359836144,-123.3936655993316
2023-01-17 06:00:00,5,6,1,55,41.07443702585391,-122.85311828165713
2023-01-17 07:00:00,7,7,1,98,33.0060310309438,-114.83722559338824
2023-01-17 08:00:00,43,8,1,88,34.515878082108586,-122.85227440274632
2023-01-17 09:00:00,26,9,1,30,39.94782494711555,-118.3367079421574
2023-01-17 10:00:00,5,10,1,49,37.134759744938336,-120.53839834468636
2023-01-17 11:00:00,15,11,1,71,38.22457103464883,-122.78599028122228
2023-01-17 12:00:00,32,12,1,34,38.48236039141257,-114.28415896093776
2023-01-17 13:00:00,22,13,1,70,39.99575665879905,-117.8176655603496
2023-01-17 14:00:00,3,14,1,97,36.916952923971884,-117.11285181958215
2023-01-17 15:00:00,47,15,1,27,41.52000737248223,-114.36725053290155
2023-01-17 16:00:00,9,16,1,79,41.03310463473201,-124.24126758486265
2023-01-17 17:00:00,22,17,1,31,33.340589223287544,-120.489694541078
2023-01-17 18:00:00,49,18,1,98,38.788079764906314,-115.76977645999317
2023-01-17 19:00:00,49,19,1,54,34.2284747611755,-115.27909080909454
2023-01-17 20:00:00,13,20,1,91,37.06041273921702,-123.56354251780742
2023-01-17 21:00:00,29,21,1,76,33.01395482658387,-123.61624636740538
2023-01-17 22:00:00,10,22,1,36,33.59313916770829,-115.49006606773847
2023-01-17 23:00:00,23,23,1,96,40.63819719844122,-114.27716125075614
2023-01-18 00:00:00,5,0,2,11,38.41351847015633,-119.29808555319708
2023-01-18 01:00:00,34,1,2,42,41.019453041105066,-116.66899772331631
2023-01-18 02:00:00,24,2,2,32,35.80209779909867,-120.81629909216468
2023-01-18 03:00:00,23,3,2,65,33.65896110060061,-116.46714564200475
2023-01-18 04:00:00,29,4,2,45,33.08771679949983,-124.3040576670083
2023-01-18 05:00:00,12,5,2,94,40.62564615829807,-117.60962133168769
2023-01-18 06:00:00,44,6,2,16,41.68492795844793,-116.59240633832741
2023-01-18 07:00:00,25,7,2,55,33.62052104106249,-115.88139156278596
2023-01-18 08:00:00,39,8,2,87,38.302368747956656,-118.76536608383135
2023-01-18 09:00:00,43,9,2,44,38.661637121780615,-122.86814943098061
2023-01-18 10:00:00,21,10,2,34,39.5609519167429,-120.63375459276942
2023-01-18 11:00:00,13,11,2,19,41.93526650860366,-117.00450398917559
2023-01-18 12:00:00,29,12,2,34,35.638756433907034,-121.50488578372071
2023-01-18 13:00:00,7,13,2,72,41.58045882633172,-115.80970436861293
2023-01-18 14:00:00,16,14,2,88,33.02097226109575,-116.57540945687339
2023-01-18 15:00:00,32,15,2,21,39.24417940228945,-117.52803129133724
2023-01-18 16:00:00,17,16,2,31,32.964477313748844,-121.79047334007045
2023-01-18 17:00:00,45,17,2,78,37.2789382529884,-122.8963908651656
2023-01-18 18:00:00,46,18,2,38,36.04398224579301,-117.35083122073483
2023-01-18 19:00:00,1,19,2,67,38.690351639547025,-120.78375200822859
2023-01-18 20:00:00,22,20,2,24,38.60917576820962,-115.60883170501361
2023-01-18 21:00:00,36,21,2,49,40.191765117325964,-122.70114129933538
2023-01-18 22:00:00,49,22,2,99,34.5356277627469,-119.19870332005799
2023-01-18 23:00:00,42,23,2,70,37.55785283723605,-114.44306548388771
2023-01-19 00:00:00,1,0,3,13,34.90659295409168,-118.05324040145626
2023-01-19 01:00:00,48,1,3,87,35.61644831858392,-114.42638352011706
2023-01-19 02:00:00,32,2,3,55,34.67784158386051,-117.1672880009461
2023-01-19 03:00:00,24,3,3,66,41.11782856625415,-119.96102331203782
2023-01-19 04:00:00,1,4,3,71,39.75103499913217,-117.11734589506852
2023-01-19 05:00:00,5,5,3,20,39.959628722531164,-122.57789526988714
2023-01-19 06:00:00,44,6,3,82,38.17449473349246,-114.34610559331338
2023-01-19 07:00:00,47,7,3,18,37.83863925784223,-118.44545316189998
2023-01-19 08:00:00,18,8,3,80,36.20513989786118,-120.26898952004093
2023-01-19 09:00:00,22,9,3,60,37.47976209572721,-122.11820125265794
2023-01-19 10:00:00,25,10,3,40,32.59498378108643,-118.43965760988551
2023-01-19 11:00:00,15,11,3,21,37.371424554359145,-120.10724487086391
2023-01-19 12:00:00,9,12,3,71,40.44088216422756,-115.67000181401409
2023-01-19 13:00:00,26,13,3,20,34.510087123249654,-117.51232604658934
2023-01-19 14:00:00,21,14,3,71,41.10891943359208,-117.06304259322268
2023-01-19 15:00:00,10,15,3,75,32.922953930219414,-121.08059988542483
2023-01-19 16:00:00,19,16,3,34,40.13782724674265,-120.37990436729481
2023-01-19 17:00:00,14,17,3,78,35.1107921927865,-115.38566054238726
2023-01-19 18:00:00,23,18,3,61,32.652618225150654,-123.83164405782314
2023-01-19 19:00:00,2,19,3,65,36.926262042171714,-116.20926163629315
2023-01-19 20:00:00,47,20,3,72,34.18749286511061,-123.41355908806935
2023-01-19 21:00:00,34,21,3,97,39.497135387853206,-116.3340237630888
2023-01-19 22:00:00,7,22,3,11,40.90274159239766,-119.93953798467952
2023-01-19 23:00:00,23,23,3,28,36.911727680003146,-123.3223141826248
2023-01-20 00:00:00,39,0,4,52,36.90923795551369,-123.35594821086313
2023-01-20 01:00:00,31,1,4,74,33.82717916721575,-114.27205212196115
2023-01-20 02:00:00,33,2,4,46,38.32386153559385,-116.92579584771732
2023-01-20 03:00:00,37,3,4,84,40.74672985912768,-120.70146071626493
2023-01-20 04:00:00,40,4,4,57,35.3499829381898,-116.7154721409772
2023-01-20 05:00:00,25,5,4,89,34.368651109064906,-121.27980765338373
2023-01-20 06:00:00,25,6,4,96,35.023395007043476,-124.40431732898965
2023-01-20 07:00:00,37,7,4,29,33.311229951633024,-115.2914946444432
2023-01-20 08:00:00,23,8,4,76,38.73480189578203,-117.73584068893697
2023-01-20 09:00:00,24,9,4,23,41.45342643814594,-120.34832361068918
2023-01-20 10:00:00,2,10,4,44,34.82871938497712,-120.05948257847412
2023-01-20 11:00:00,34,11,4,94,32.6909153889055,-118.59062049599893
2023-01-20 12:00:00,2,12,4,82,32.616702429821096,-114.32882083439347
2023-01-20 13:00:00,15,13,4,19,37.864176978553516,-122.88997044957307
2023-01-20 14:00:00,37,14,4,24,36.0339107780289,-124.1534572976238
2023-01-20 15:00:00,20,15,4,98,36.321155315118936,-123.90260761525775
2023-01-20 16:00:00,5,16,4,82,34.25625068186144,-119.69476900369479
2023-01-20 17:00:00,39,17,4,55,39.5014620306422,-121.93388451435774
2023-01-20 18:00:00,23,18,4,16,36.89322950558008,-114.33013124852108
2023-01-20 19:00:00,9,19,4,17,34.83052243730855,-124.04183422312977
2023-01-20 20:00:00,31,20,4,59,40.77101178232587,-118.9450129971365
2023-01-20 21:00:00,20,21,4,27,34.30231900104068,-124.19103521580698
2023-01-20 22:00:00,27,22,4,42,34.59005900219756,-122.30534705135636
2023-01-20 23:00:00,13,23,4,12,35.053182590291954,-115.90671021192526
2023-01-21 00:00:00,47,0,5,18,41.36659101884506,-116.3307273886921
2023-01-21 01:00:00,27,1,5,14,36.17197271714664,-114.40074987058702
2023-01-21 02:00:00,8,2,5,32,37.385974835863635,-121.12491716257951
2023-01-21 03:00:00,23,3,5,40,40.129861230685094,-118.2864019820881
2023-01-21 04:00:00,32,4,5,11,35.713824706643635,-117.89302525246114
2023-01-21 05:00:00,4,5,5,27,38.19725699683997,-118.6994550582938
2023-01-21 06:00:00,15,6,5,86,39.00460006264192,-124.21426134155396
2023-01-21 07:00:00,12,7,5,85,33.95680637763555,-122.18597547864987
2023-01-21 08:00:00,29,8,5,41,41.93412261804214,-117.2609379955874
2023-01-21 09:00:00,11,9,5,36,36.26752193870316,-117.5342293024263
2023-01-21 10:00:00,42,10,5,16,39.7176166546585,-123.55236164905484
2023-01-21 11:00:00,25,11,5,19,40.83583850908877,-114.82894151439355
2023-01-21 12:00:00,30,12,5,55,33.7379595228614,-118.76521214884728
2023-01-21 13:00:00,2,13,5,49,37.765242491763544,-120.09456076448551
2023-01-21 14:00:00,40,14,5,94,39.809255337699696,-114.83311308591021
2023-01-21 15:00:00,1,15,5,73,36.61371177720066,-122.95206699167068
2023-01-21 16:00:00,11,16,5,44,37.146431889898345,-114.10954689371836
2023-01-21 17:00:00,20,17,5,26,36.20550777789956,-118.3366413354548
2023-01-21 18:00:00,8,18,5,19,32.51206291118975,-118.09813963027422
2023-01-21 19:00:00,35,19,5,52,34.0170777519038,-116.16405461093068
2023-01-21 20:00:00,23,20,5,35,39.412904163033645,-117.644308280006
2023-01-21 21:00:00,47,21,5,25,33.990401384950225,-119.39726645416383
2023-01-21 22:00:00,23,22,5,72,36.25822829926366,-115.66860124437427
2023-01-21 23:00:00,15,23,5,88,40.62924916578255,-121.1335356732703
2023-01-22 00:00:00,42,0,6,29,37.73697255693458,-123.25455229500307
2023-01-22 01:00:00,4,1,6,26,38.95523877320245,-119.68341779385048
2023-01-22 02:00:00,25,2,6,82,40.988812268446175,-120.80719970415554
2023-01-22 03:00:00,28,3,6,41,40.18003730196433,-114.16910281450316
2023-01-22 04:00:00,41,4,6,55,40.93043384469047,-122.30088693976198
2023-01-22 05:00:00,31,5,6,52,40.08338960739981,-119.46967756981464
2023-01-22 06:00:00,5,6,6,86,37.83625403633398,-116.30452532663956
2023-01-22 07:00:00,16,7,6,32,39.8156395542996,-118.4599708475125
2023-01-22 08:00:00,9,8,6,42,33.58705777125427,-118.71815186577021
2023-01-22 09:00:00,32,9,6,59,37.997530867804315,-121.21086796772806
2023-01-22 10:00:00,20,10,6,31,36.32732889067857,-119.06979369742663
2023-01-22 11:00:00,13,11,6,59,36.29071737210692,-118.39553734906376
2023-01-22 12:00:00,25,12,6,22,40.42159267790191,-124.38944279578564
2023-01-22 13:00:00,30,13,6,16,41.45464117146424,-123.8132468616762
2023-01-22 14:00:00,4,14,6,39,34.89020808265544,-117.35743644456966
2023-01-22 15:00:00,23,15,6,33,35.563291868254524,-114.47491264084832
2023-01-22 16:00:00,49,16,6,94,34.6674036727082,-117.85984818147995
2023-01-22 17:00:00,40,17,6,13,39.96542361119523,-114.62086405846223
2023-01-22 18:00:00,18,18,6,77,34.48764844807314,-118.64517339341586
2023-01-22 19:00:00,20,19,6,57,40.78959018283647,-121.27682113182516
2023-01-22 20:00:00,36,20,6,24,40.91467681880515,-114.28597560375289
2023-01-22 21:00:00,38,21,6,76,37.45898385483246,-120.60420733618814
2023-01-22 22:00:00,25,22,6,93,36.738812350394696,-120.23675272964613
2023-01-22 23:00:00,17,23,6,19,41.334268434436126,-121.26730683826528
2023-01-23 00:00:00,11,0,0,99,34.164794303471666,-115.91409859849395
2023-01-23 01:00:00,46,1,0,12,34.209158571393374,-122.01752206711514
2023-01-23 02:00:00,23,2,0,40,33.3592562938419,-121.01099700758789
2023-01-23 03:00:00,24,3,0,93,39.5435054230853,-115.34362321670149
2023-01-23 04:00:00,18,4,0,14,38.29035916228411,-122.27837578989394
2023-01-23 05:00:00,34,5,0,69,38.18896539044847,-116.68650208925517
2023-01-23 06:00:00,37,6,0,60,38.30718799663718,-119.6968431480144
2023-01-23 07:00:00,44,7,0,57,33.0154304922475,-124.04659890658738
2023-01-23 08:00:00,4,8,0,88,36.4642261101324,-122.85542680568464
2023-01-23 09:00:00,14,9,0,78,36.255597628279624,-116.95772042934603
2023-01-23 10:00:00,32,10,0,43,33.94690837799641,-119.70123600514341
2023-01-23 11:00:00,30,11,0,83,37.63188075740436,-117.43553569776653
2023-01-23 12:00:00,20,12,0,26,39.5077630170256,-123.97515287735692
2023-01-23 13:00:00,42,13,0,66,41.316862678397996,-123.92305992541051
2023-01-23 14:00:00,27,14,0,40,41.72835118312534,-115.457182747061
2023-01-23 15:00:00,18,15,0,68,41.495347319397816,-119.5328496509447
2023-01-23 16:00:00,15,16,0,29,36.3058954944074,-117.2954367771242
2023-01-23 17:00:00,24,17,0,91,37.17212193233724,-123.19633690050891
2023-01-23 18:00:00,24,18,0,67,32.79673942639098,-124.1043402376045
2023-01-23 19:00:00,30,19,0,11,34.04900164099637,-120.44032669729386
2023-01-23 20:00:00,34,20,0,50,34.86288264195506,-118.42529680753945
2023-01-23 21:00:00,33,21,0,80,38.61555421112308,-119.01408086815565
2023-01-23 22:00:00,24,22,0,63,32.617999788967296,-123.07051681339999
2023-01-23 23:00:00,47,23,0,25,39.14988886208286,-117.96594757330375
2023-01-24 00:00:00,44,0,1,73,36.72216881720117,-119.83631594067728
2023-01-24 01:00:00,32,1,1,41,41.518434226061444,-123.08776553313743
2023-01-24 02:00:00,2,2,1,17,32.85656280753245,-114.76269097816679
2023-01-24 03:00:00,30,3,1,96,37.96571849538254,-114.70912338964482
2023-01-24 04:00:00,13,4,1,14,36.25901001811641,-124.39550581461282
2023-01-24 05:00:00,47,5,1,27,34.5155211343845,-119.26125141272858
2023-01-24 06:00:00,43,6,1,27,34.49738632483786,-118.26736490002642
2023-01-24 07:00:00,33,7,1,88,36.4564260653559,-119.81936575684249
2023-01-24 08:00:00,19,8,1,23,37.32913184824444,-118.2617105352843
2023-01-24 09:00:00,40,9,1,11,40.57131986225655,-122.95299678862523
2023-01-24 10:00:00,22,10,1,74,39.083119149159685,-122.33940888959259
2023-01-24 11:00:00,11,11,1,17,41.470170116771754,-114.89604675196586
2023-01-24 12:00:00,19,12,1,56,41.44651896944039,-115.09629290094333
2023-01-24 13:00:00,10,13,1,77,38.81129594614998,-115.99036138038312
2023-01-24 14:00:00,1,14,1,33,37.696669800729026,-123.28947206783177
2023-01-24 15:00:00,8,15,1,97,41.674348043332145,-123.03603845167143
2023-01-24 16:00:00,22,16,1,71,35.948078304070236,-119.11029870428135
2023-01-24 17:00:00,1,17,1,89,40.72862005503954,-119.87008371554602
2023-01-24 18:00:00,14,18,1,74,33.04149156054826,-121.40962809912415
2023-01-24 19:00:00,37,19,1,97,40.08495833770521,-123.6578817463684
2023-01-24 20:00:00,7,20,1,65,37.916652147127,-115.25133240966068
2023-01-24 21:00:00,47,21,1,82,39.14341704382161,-115.46247468932951
2023-01-24 22:00:00,41,22,1,93,32.63268932061968,-121.33043227646309
2023-01-24 23:00:00,31,23,1,61,38.909995961300254,-122.35022903818589
2023-01-25 00:00:00,49,0,2,39,36.0609462570579,-120.41548768320315
2023-01-25 01:00:00,9,1,2,50,36.52329638598457,-124.4789758650848
2023-01-25 02:00:00,41,2,2,46,39.33739430708101,-122.93348937588677
2023-01-25 03:00:00,38,3,2,98,39.90299246229594,-122.06193030153644
2023-01-25 04:00:00,12,4,2,36,41.5678503660508,-119.51505031490669
2023-01-25 05:00:00,25,5,2,26,36.76368365498885,-124.36625505491551
2023-01-25 06:00:00,9,6,2,99,37.32270732805582,-115.00542398180639
2023-01-25 07:00:00,49,7,2,10,38.32568356724716,-122.39427474569223
2023-01-25 08:00:00,5,8,2,31,33.15488391695872,-116.5679090438822
2023-01-25 09:00:00,32,9,2,74,34.371547718912076,-119.79805131048568
2023-01-25 10:00:00,21,10,2,69,35.36740958344373,-118.87787817846879
2023-01-25 11:00:00,39,11,2,39,38.456236503127926,-120.76794490896577
2023-01-25 12:00:00,44,12,2,31,34.66491157958937,-115.30356756647551
2023-01-25 13:00:00,40,13,2,62,41.45502502323511,-123.48300760833872
2023-01-25 14:00:00,27,14,2,92,34.57458828135341,-122.83958723235709
2023-01-25 15:00:00,10,15,2,16,41.45227847674633,-121.27621355181809
2023-01-25 16:00:00,9,16,2,61,40.23690656653516,-116.71734171092876
2023-01-25 17:00:00,13,17,2,15,38.70756301301319,-118.51756256509994
2023-01-25 18:00:00,22,18,2,13,41.60846607877146,-119.56637789198398
2023-01-25 19:00:00,8,19,2,60,37.393572275347836,-123.33889482198794
2023-01-25 20:00:00,31,20,2,42,35.39421826097883,-118.24862270797722
2023-01-25 21:00:00,3,21,2,47,32.885290166639265,-116.48552970899561
2023-01-25 22:00:00,48,22,2,10,40.94203339316708,-115.81536434288617
2023-01-25 23:00:00,37,23,2,76,35.389706037396344,-114.72923772954486
2023-01-26 00:00:00,47,0,3,15,32.72478124569997,-121.9402071877538
2023-01-26 01:00:00,37,1,3,42,33.57723587162243,-116.96425817475257
2023-01-26 02:00:00,38,2,3,19,33.09110499404047,-118.13305659720844
2023-01-26 03:00:00,39,3,3,34,36.73480509277955,-115.54983358548876
2023-01-26 04:00:00,15,4,3,81,37.20714130086418,-122.90987936369756
2023-01-26 05:00:00,16,5,3,37,38.419632681059994,-116.6374511780052
2023-01-26 06:00:00,29,6,3,82,34.8243386586393,-118.55300005243154
2023-01-26 07:00:00,9,7,3,45,33.36260387631165,-121.79133869060955
2023-01-26 08:00:00,19,8,3,59,34.0314657876047,-115.76501440577121
2023-01-26 09:00:00,48,9,3,58,35.58119762982274,-114.83986693879405
2023-01-26 10:00:00,25,10,3,11,35.15713012662619,-118.39826010992712
2023-01-26 11:00:00,38,11,3,49,33.35747932582565,-123.01395124464379
2023-01-26 12:00:00,23,12,3,90,36.24764867100633,-119.07810603363771
2023-01-26 13:00:00,21,13,3,79,41.04415311689103,-118.38358831904493
2023-01-26 14:00:00,6,14,3,98,39.93764162982419,-123.80763519227766
2023-01-26 15:00:00,44,15,3,19,38.27995578398604,-118.79592205490859
2023-01-26 16:00:00,22,16,3,14,41.63020546369738,-118.75284573765268
2023-01-26 17:00:00,48,17,3,22,41.93150040673683,-117.19109400817844
2023-01-26 18:00:00,19,18,3,91,40.55004662867826,-123.38202077773903
2023-01-26 19:00:00,21,19,3,68,37.51261914246877,-122.48703152671412
2023-01-26 20:00:00,15,20,3,39,39.07488554887941,-118.50915771935328
2023-01-26 21:00:00,49,21,3,52,41.39835861842615,-115.78275989757019
2023-01-26 22:00:00,3,22,3,33,39.95375607343629,-115.25454664360313
2023-01-26 23:00:00,15,23,3,70,38.50250192337497,-116.84028427493175
2023-01-27 00:00:00,11,0,4,15,39.78988685464072,-117.87765028471794
2023-01-27 01:00:00,45,1,4,57,40.434269687724125,-118.98863209817331
2023-01-27 02:00:00,6,2,4,99,41.25712567210144,-114.42876462477278
2023-01-27 03:00:00,4,3,4,67,34.45030309544589,-118.20185769589972
2023-01-27 04:00:00,31,4,4,94,34.67087476658024,-121.6514498893509
2023-01-27 05:00:00,43,5,4,20,38.945854068491904,-119.81676355626897
2023-01-27 06:00:00,26,6,4,21,41.68675384836732,-121.86355838154644
2023-01-27 07:00:00,39,7,4,95,39.41294111546896,-122.42289225028445
2023-01-27 08:00:00,4,8,4,83,38.81273433096345,-116.95191223202737
2023-01-27 09:00:00,13,9,4,99,38.13171756261461,-116.62860805364413
2023-01-27 10:00:00,4,10,4,52,39.96591588032131,-119.90665804944675
2023-01-27 11:00:00,15,11,4,22,34.05957691445709,-114.41525785332736
2023-01-27 12:00:00,1,12,4,41,41.759840088861814,-114.8787594475064
2023-01-27 13:00:00,8,13,4,99,34.70875476254842,-114.19065978902526
2023-01-27 14:00:00,36,14,4,45,34.13788681110049,-117.69228409707043
2023-01-27 15:00:00,45,15,4,31,34.53068437898685,-115.07501394373229
2023-01-27 16:00:00,24,16,4,83,41.66652254618534,-115.70593741943735
2023-01-27 17:00:00,3,17,4,50,39.48239288659644,-121.4340185972997
2023-01-27 18:00:00,4,18,4,49,33.66360423071465,-116.31434277054733
2023-01-27 19:00:00,17,19,4,91,39.926373886574886,-120.11184747257445
2023-01-27 20:00:00,30,20,4,59,32.915325078270385,-121.06172552371767
2023-01-27 21:00:00,18,21,4,78,41.357055413679355,-121.0425286859342
2023-01-27 22:00:00,46,22,4,92,38.62269476696966,-119.93298583550772
2023-01-27 23:00:00,19,23,4,74,36.12639643914142,-117.72259718430284
2023-01-28 00:00:00,48,0,5,41,39.26775514825772,-117.88000757357341
2023-01-28 01:00:00,35,1,5,29,37.02543302131929,-116.3227454686803
2023-01-28 02:00:00,13,2,5,85,36.0404796482977,-118.40419845129497
2023-01-28 03:00:00,8,3,5,29,40.79125133017848,-120.12804245558732
2023-01-28 04:00:00,35,4,5,45,41.43493608515342,-123.25380341874813
2023-01-28 05:00:00,37,5,5,11,40.940126903443755,-118.01935077049671
2023-01-28 06:00:00,18,6,5,44,35.54539853825118,-116.74201302300447
2023-01-28 07:00:00,44,7,5,33,36.851184252031274,-116.38808421158835
2023-01-28 08:00:00,16,8,5,55,38.75006164604716,-119.28937475450155
2023-01-28 09:00:00,31,9,5,29,39.58918753676463,-124.21798912209452
2023-01-28 10:00:00,7,10,5,92,33.73355991586116,-123.83901681475655
2023-01-28 11:00:00,32,11,5,67,32.940011430011936,-114.31406661477708
2023-01-28 12:00:00,37,12,5,71,39.25919382409222,-121.38174591624507
2023-01-28 13:00:00,44,13,5,22,40.230120442144816,-120.28308505807377
2023-01-28 14:00:00,36,14,5,64,39.68409557564211,-117.36551507603278
2023-01-28 15:00:00,6,15,5,49,32.51980753299788,-118.95167851446206
2023-01-28 16:00:00,15,16,5,58,41.96981057331502,-121.01191642982009
2023-01-28 17:00:00,8,17,5,94,39.729634628782435,-117.11530775550501
2023-01-28 18:00:00,15,18,5,52,36.693589297702,-114.21490983361898
2023-01-28 19:00:00,17,19,5,98,35.65992130689857,-124.0800096465672
2023-01-28 20:00:00,18,20,5,61,35.08342643659335,-123.23295694832838
2023-01-28 21:00:00,31,21,5,51,40.846695269871525,-118.05028492934461
2023-01-28 22:00:00,45,22,5,63,35.29728450091986,-119.66804310478541
2023-01-28 23:00:00,6,23,5,71,34.73222396582779,-114.6115334263111
2023-01-29 00:00:00,23,0,6,33,32.985800280511846,-118.62854664813263
2023-01-29 01:00:00,8,1,6,39,35.60942798494842,-120.40709418922687
2023-01-29 02:00:00,37,2,6,10,38.771593046690114,-122.47510631370795
2023-01-29 03:00:00,38,3,6,10,33.3638862274907,-117.54386802205553
2023-01-29 04:00:00,3,4,6,12,32.88380629644891,-117.2441886544772
2023-01-29 05:00:00,28,5,6,93,35.89525849218723,-119.95481208164321
2023-01-29 06:00:00,11,6,6,62,36.14216034630671,-121.59271012559326
2023-01-29 07:00:00,22,7,6,66,32.6100987882861,-120.40807921769233
2023-01-29 08:00:00,1,8,6,48,38.775368849103366,-114.11521073841845
2023-01-29 09:00:00,48,9,6,33,39.84405674881383,-124.04474835782781
2023-01-29 10:00:00,39,10,6,55,34.57800048807161,-117.10536704167625
2023-01-29 11:00:00,39,11,6,92,38.77215082156253,-114.57423977803788
2023-01-29 12:00:00,26,12,6,22,33.94188343326056,-116.47609757850003
2023-01-29 13:00:00,23,13,6,92,33.722304913721636,-121.65404773994628
2023-01-29 14:00:00,42,14,6,16,36.45991938004252,-121.10150609968817
2023-01-29 15:00:00,32,15,6,23,38.07295851984193,-116.04554670413249
2023-01-29 16:00:00,5,16,6,50,39.11117536116648,-116.42979659420848
2023-01-29 17:00:00,23,17,6,41,41.901322129565244,-123.41077631952696
2023-01-29 18:00:00,10,18,6,23,36.042169844450044,-123.66878217198054
2023-01-29 19:00:00,8,19,6,38,32.57757428738951,-122.6701478460315
2023-01-29 20:00:00,47,20,6,80,38.79290441079724,-122.35692158538242
2023-01-29 21:00:00,5,21,6,37,38.42630877060273,-119.2848962154335
2023-01-29 22:00:00,39,22,6,91,33.35364531942035,-118.96984094067008
2023-01-29 23:00:00,35,23,6,87,38.087024899769396,-124.0791171541219
2023-01-30 00:00:00,41,0,0,52,33.41681174976911,-117.18380158982814
2023-01-30 01:00:00,5,1,0,88,33.30160086411541,-116.9552259244248
2023-01-30 02:00:00,21,2,0,85,34.47522063496377,-120.34225240035084
2023-01-30 03:00:00,41,3,0,79,39.062107406018754,-115.54117133004533
2023-01-30 04:00:00,10,4,0,53,37.72075746945345,-119.87389869162824
2023-01-30 05:00:00,48,5,0,68,35.17055434559577,-122.70558698579916
2023-01-30 06:00:00,43,6,0,33,39.07447856358038,-116.05774909274447
2023-01-30 07:00:00,38,7,0,19,35.87219800961381,-122.79720257069754
2023-01-30 08:00:00,41,8,0,49,41.98328083649132,-115.2818729111784
2023-01-30 09:00:00,27,9,0,16,38.55231274042117,-116.16746735046017
2023-01-30 10:00:00,41,10,0,95,34.68994291266756,-116.70793952549907
2023-01-30 11:00:00,47,11,0,29,37.94790926631641,-121.29305302586695
2023-01-30 12:00:00,10,12,0,64,35.39256718466144,-123.4497870497149
2023-01-30 13:00:00,42,13,0,15,39.64468699702906,-119.74022649913984
2023-01-30 14:00:00,1,14,0,73,40.89175102953469,-116.71270508071126
2023-01-30 15:00:00,26,15,0,35,32.537934863962896,-123.37984429130404
2023-01-30 16:00:00,32,16,0,14,37.77770184740497,-123.86841971586172
2023-01-30 17:00:00,17,17,0,82,34.652654202559646,-119.15417393321476
2023-01-30 18:00:00,14,18,0,90,39.66485671414103,-119.03930863560528
2023-01-30 19:00:00,10,19,0,29,39.80362022934875,-120.97044699368506
2023-01-30 20:00:00,24,20,0,59,39.410469868957314,-115.74969527842842
2023-01-30 21:00:00,13,21,0,95,32.95971530192369,-122.7670398540092
2023-01-30 22:00:00,8,22,0,62,36.76889849147399,-116.76274412640632
2023-01-30 23:00:00,33,23,0,86,40.734466899925714,-119.02896713427555
2023-01-31 00:00:00,7,0,1,53,34.073523232691414,-120.52158848701882
2023-01-31 01:00:00,15,1,1,80,34.331003441531784,-122.62735380951337
2023-01-31 02:00:00,49,2,1,14,41.00216650768974,-117.28389482859981
2023-01-31 03:00:00,30,3,1,59,38.73304058036124,-118.18413677941558
2023-01-31 04:00:00,11,4,1,78,33.39747056669223,-118.22116356365359
2023-01-31 05:00:00,10,5,1,29,39.902443730163256,-115.47116268698781
2023-01-31 06:00:00,24,6,1,74,39.420784689088755,-118.36775534707722
2023-01-31 07:00:00,12,7,1,49,40.25413402624448,-115.66887118391894
2023-01-31 08:00:00,12,8,1,60,38.57973483964749,-121.2331431235928
2023-01-31 09:00:00,26,9,1,56,38.56204808495923,-124.48588497794081
2023-01-31 10:00:00,3,10,1,32,32.97188057356012,-116.91086148273965
2023-01-31 11:00:00,11,11,1,85,41.48966835207616,-122.43383375244926
2023-01-31 12:00:00,33,12,1,31,40.88644039976609,-118.4799597126365
2023-01-31 13:00:00,17,13,1,69,39.941714600160665,-115.67780077088656
2023-01-31 14:00:00,17,14,1,68,34.28631110540487,-123.43883750295753
2023-01-31 15:00:00,41,15,1,54,37.19871119674311,-118.63440267536834
2023-01-31 16:00:00,25,16,1,43,37.09548822327798,-118.68437141116664
2023-01-31 17:00:00,5,17,1,52,40.50026579780206,-116.12310310927114
2023-01-31 18:00:00,25,18,1,56,40.278030429311706,-124.15339432994081
2023-01-31 19:00:00,14,19,1,48,39.74717608196273,-118.0166820395959
2023-01-31 20:00:00,23,20,1,54,34.6213895656642,-124.45731307823836
2023-01-31 21:00:00,43,21,1,91,38.82321442371186,-114.51075526850671
2023-01-31 22:00:00,17,22,1,40,39.298424530476794,-120.29513965406805
2023-01-31 23:00:00,30,23,1,37,40.50801396359361,-120.15694765229864
2023-02-01 00:00:00,38,0,2,69,41.95313930479769,-124.47077926116867
2023-02-01 01:00:00,5,1,2,29,37.717639436374604,-117.48156005298233
2023-02-01 02:00:00,32,2,2,41,39.8543580393551,-117.99699463800223
2023-02-01 03:00:00,3,3,2,25,35.78785775381784,-115.55477057115225
2023-02-01 04:00:00,11,4,2,84,32.53278234530478,-119.14845790334778
2023-02-01 05:00:00,25,5,2,23,36.90936904811662,-115.03620970970506
2023-02-01 06:00:00,17,6,2,74,33.97645946290832,-115.6352624693856
2023-02-01 07:00:00,43,7,2,80,37.83201485534269,-123.18194428406794
2023-02-01 08:00:00,44,8,2,23,40.032676223025746,-117.33391627398456
2023-02-01 09:00:00,25,9,2,81,35.15066405330867,-120.73213657701267
2023-02-01 10:00:00,13,10,2,25,37.177309870516474,-116.23240778421393
2023-02-01 11:00:00,22,11,2,47,33.73142200561712,-118.12193678586755
2023-02-01 12:00:00,30,12,2,45,41.03225344198535,-123.23436734388481
2023-02-01 13:00:00,42,13,2,58,34.2314047247643,-114.96650705683251
2023-02-01 14:00:00,39,14,2,35,35.28120468941696,-118.9822099329015
2023-02-01 15:00:00,39,15,2,71,35.914779380369055,-124.25043870270692
2023-02-01 16:00:00,13,16,2,44,37.89815564453257,-114.55138105103295
2023-02-01 17:00:00,32,17,2,57,32.851962816035545,-115.4735951732601
2023-02-01 18:00:00,2,18,2,43,33.913398513750494,-121.80373817572135
2023-02-01 19:00:00,6,19,2,92,37.9590659956054,-121.34066042622163
2023-02-01 20:00:00,12,20,2,33,35.77333861070942,-119.74071565950442
2023-02-01 21:00:00,4,21,2,55,38.95981751561031,-114.67646214643486
2023-02-01 22:00:00,22,22,2,89,32.96877836868178,-120.358810149117
2023-02-01 23:00:00,35,23,2,61,33.023443498002784,-121.66803455510188
2023-02-02 00:00:00,9,0,3,48,34.91363448090835,-119.44941835931098
2023-02-02 01:00:00,28,1,3,64,35.23479056992978,-115.45019015458551
2023-02-02 02:00:00,19,2,3,78,33.29970283081587,-119.1349343256334
2023-02-02 03:00:00,49,3,3,73,41.101768282503265,-118.63993128695267
2023-02-02 04:00:00,42,4,3,18,41.23928081587253,-121.75297074934304
2023-02-02 05:00:00,42,5,3,71,39.74877744735989,-118.46628633546904
2023-02-02 06:00:00,9,6,3,40,35.43339706784969,-119.03925615774412
2023-02-02 07:00:00,31,7,3,14,41.874741952000925,-118.3423041221761
2023-02-02 08:00:00,23,8,3,40,37.45987281928362,-124.41102909482079
2023-02-02 09:00:00,25,9,3,84,39.43942383163736,-117.76684922233673
2023-02-02 10:00:00,41,10,3,30,41.4809324291461,-114.58775271819754
2023-02-02 11:00:00,44,11,3,54,33.98996214466615,-119.42475494113602
2023-02-02 12:00:00,44,12,3,23,35.19361446354582,-114.75244299285328
2023-02-02 13:00:00,20,13,3,70,37.596538087779635,-117.09712070087208
2023-02-02 14:00:00,14,14,3,90,35.461318772358126,-120.63662365742766
2023-02-02 15:00:00,29,15,3,48,36.90292752165966,-114.23257238238578
2023-02-02 16:00:00,16,16,3,43,38.59939530055891,-118.71334671582393
2023-02-02 17:00:00,33,17,3,21,36.717725788264865,-117.75013462983806
2023-02-02 18:00:00,30,18,3,18,38.806408885427565,-124.08745756142785
2023-02-02 19:00:00,25,19,3,70,41.88404021918505,-122.37739490830836
2023-02-02 20:00:00,24,20,3,84,40.88646846445234,-120.92194638808829
2023-02-02 21:00:00,16,21,3,72,40.667015877086364,-123.40916834719258
2023-02-02 22:00:00,26,22,3,25,34.56687221254295,-121.22303097995163
2023-02-02 23:00:00,30,23,3,62,38.9741100002037,-115.03382004212861
2023-02-03 00:00:00,18,0,4,32,39.09262509911963,-119.81135700253155
2023-02-03 01:00:00,24,1,4,94,39.92143965166061,-121.3707652931946
2023-02-03 02:00:00,21,2,4,62,34.46063414669355,-122.88895191756816
2023-02-03 03:00:00,1,3,4,30,37.45871684779467,-119.16737401492907
2023-02-03 04:00:00,9,4,4,36,41.43018423768835,-120.9423100817244
2023-02-03 05:00:00,27,5,4,49,39.84446528282821,-122.50506917640428
2023-02-03 06:00:00,45,6,4,36,39.30926369594276,-123.88234343401247
2023-02-03 07:00:00,11,7,4,96,33.914244607415064,-117.67802209802656
2023-02-03 08:00:00,35,8,4,50,36.441304812926994,-120.84054360533041
2023-02-03 09:00:00,12,9,4,94,37.26871260783282,-115.44550368974986
2023-02-03 10:00:00,13,10,4,36,39.033027685443024,-120.64956237039307
2023-02-03 11:00:00,29,11,4,26,37.831671375550364,-114.83990926937115
2023-02-03 12:00:00,28,12,4,60,38.75687503473084,-117.11724951280843
2023-02-03 13:00:00,26,13,4,25,35.3543242062331,-116.04131031572084
2023-02-03 14:00:00,7,14,4,11,35.959924531410046,-117.89495245354587
2023-02-03 15:00:00,32,15,4,69,33.31338406705783,-116.39095496486567
2023-02-03 16:00:00,39,16,4,21,35.09696564169976,-123.84267357567441
2023-02-03 17:00:00,21,17,4,45,39.8507126476523,-118.5532415480729
2023-02-03 18:00:00,43,18,4,33,32.53400547699289,-116.86221362421833
2023-02-03 19:00:00,47,19,4,32,35.17499930283283,-115.06005011399266
2023-02-03 20:00:00,18,20,4,61,35.47288298416665,-115.94286561637806
2023-02-03 21:00:00,35,21,4,16,38.27651728149033,-117.70065081648687
2023-02-03 22:00:00,5,22,4,22,37.28790151279651,-114.59843551493174
2023-02-03 23:00:00,8,23,4,14,38.50128642074467,-119.57678475212214
2023-02-04 00:00:00,22,0,5,34,37.04085854558691,-116.47629932773899
2023-02-04 01:00:00,32,1,5,39,33.166342695636146,-123.10428459179498
2023-02-04 02:00:00,33,2,5,71,37.14907013284648,-115.74047191919232
2023-02-04 03:00:00,25,3,5,47,36.13760993672992,-114.60846561417578
2023-02-04 04:00:00,37,4,5,16,37.053052291051976,-114.88927779854436
2023-02-04 05:00:00,47,5,5,50,38.72118885495198,-114.39070520900452
2023-02-04 06:00:00,4,6,5,19,32.526222273633145,-117.29930042351286
2023-02-04 07:00:00,8,7,5,76,39.305462192815114,-116.69893238452818
2023-02-04 08:00:00,38,8,5,74,34.22614337825822,-123.10449271843137
2023-02-04 09:00:00,47,9,5,24,37.62381677413809,-119.84889941623052
2023-02-04 10:00:00,28,10,5,75,35.58174840682734,-118.24371677300164
2023-02-04 11:00:00,12,11,5,17,33.936235654009735,-115.34430062453933
2023-02-04 12:00:00,39,12,5,58,35.47591210457599,-114.26414275823349
2023-02-04 13:00:00,43,13,5,19,36.731990111270406,-121.64942323606897
2023-02-04 14:00:00,22,14,5,81,37.92653709493674,-121.07194012600146
2023-02-04 15:00:00,2,15,5,56,37.01813718390768,-121.85406463868699
2023-02-04 16:00:00,27,16,5,86,41.71859996659403,-114.92933586128339
2023-02-04 17:00:00,45,17,5,28,35.349681477163124,-122.88767225710164
2023-02-04 18:00:00,19,18,5,80,38.143679282327355,-114.15870666230752
2023-02-04 19:00:00,28,19,5,32,34.02942360614453,-122.43020880260651
2023-02-04 20:00:00,32,20,5,36,37.22484620090972,-119.19485134056916
2023-02-04 21:00:00,37,21,5,74,39.592314695553,-119.73482937290822
2023-02-04 22:00:00,36,22,5,54,36.8213200036995,-121.59856554079043
2023-02-04 23:00:00,16,23,5,11,34.91997574568698,-120.99878193098617
2023-02-05 00:00:00,27,0,6,52,35.67319459173185,-117.12658621549802
2023-02-05 01:00:00,35,1,6,40,37.96103166255474,-117.59004347321167
2023-02-05 02:00:00,26,2,6,15,41.99090445226164,-120.52069843612142
2023-02-05 03:00:00,47,3,6,89,38.31771216651855,-114.59158196762318
2023-02-05 04:00:00,18,4,6,23,41.577236913039705,-119.6547203615122
2023-02-05 05:00:00,14,5,6,66,34.306156631686534,-114.81195128371084
2023-02-05 06:00:00,7,6,6,58,40.59802010204665,-117.60486080234968
2023-02-05 07:00:00,9,7,6,41,36.026640235844766,-123.53960876257077
2023-02-05 08:00:00,37,8,6,62,33.88726627263324,-114.48528384435507
2023-02-05 09:00:00,19,9,6,53,32.58033384501754,-118.95538397695738
2023-02-05 10:00:00,13,10,6,91,33.80300649205192,-120.82116278016555
2023-02-05 11:00:00,29,11,6,47,33.83510302545438,-116.98207642967371
2023-02-05 12:00:00,22,12,6,33,36.28859443261299,-117.79859450701493
2023-02-05 13:00:00,26,13,6,56,33.9285698681106,-118.50921141459789
2023-02-05 14:00:00,47,14,6,12,41.15772398971725,-120.74622937022102
2023-02-05 15:00:00,13,15,6,54,33.921407412160924,-123.66795359353094
2023-02-05 16:00:00,16,16,6,81,39.61885239147157,-123.60490047736683
2023-02-05 17:00:00,32,17,6,97,34.333045837046164,-123.60811511676265
2023-02-05 18:00:00,23,18,6,56,32.65441817222221,-120.02721552494808
2023-02-05 19:00:00,41,19,6,32,35.6623331669493,-115.35458891395574
2023-02-05 20:00:00,8,20,6,49,37.630587408774424,-122.14334232816798
2023-02-05 21:00:00,14,21,6,35,34.48286508413886,-120.20398375354455
2023-02-05 22:00:00,47,22,6,29,37.3986918335675,-122.97369034659293
2023-02-05 23:00:00,12,23,6,47,36.77511963316865,-119.63057114477479
2023-02-06 00:00:00,46,0,0,35,41.74963538876757,-123.33358029109178
2023-02-06 01:00:00,9,1,0,65,37.47204954963387,-118.09519735615385
2023-02-06 02:00:00,23,2,0,19,40.42861054551428,-123.8907662884875
2023-02-06 03:00:00,41,3,0,32,36.9596610958105,-118.3760750719373
2023-02-06 04:00:00,23,4,0,50,36.102066905092855,-122.38293636861951
2023-02-06 05:00:00,10,5,0,67,39.31516631079826,-116.7617811387231
2023-02-06 06:00:00,17,6,0,52,41.336029710030736,-121.2782220771977
2023-02-06 07:00:00,30,7,0,36,32.55171853538579,-117.87064973888535
2023-02-06 08:00:00,17,8,0,78,36.944694920590685,-116.21816869264171
2023-02-06 09:00:00,18,9,0,15,38.05739587002934,-118.75901436621203
2023-02-06 10:00:00,1,10,0,30,33.62339388243125,-116.5848051947759
2023-02-06 11:00:00,36,11,0,24,41.99795918110707,-118.1348940652995
2023-02-06 12:00:00,49,12,0,88,37.52141491693786,-122.9215732774799
2023-02-06 13:00:00,36,13,0,68,32.8135971446882,-119.50893040604413
2023-02-06 14:00:00,8,14,0,94,38.293026060258995,-114.43792281453875
2023-02-06 15:00:00,20,15,0,62,37.537136783253196,-120.40946073161624
2023-02-06 16:00:00,41,16,0,81,38.835315122992796,-118.10907718021618
2023-02-06 17:00:00,18,17,0,28,39.95987947345457,-121.04033400400112
2023-02-06 18:00:00,39,18,0,22,40.9228757227534,-118.16697609650855
2023-02-06 19:00:00,33,19,0,96,33.58418645458313,-117.90914000829275
2023-02-06 20:00:00,48,20,0,92,38.865257920657065,-120.63750837619355
2023-02-06 21:00:00,29,21,0,70,40.178994784662464,-116.6123770064998
2023-02-06 22:00:00,28,22,0,81,34.07399817898307,-124.10202635930116
2023-02-06 23:00:00,39,23,0,70,37.16948510077748,-124.42253096125626
2023-02-07 00:00:00,42,0,1,60,32.72185517006991,-120.85929429597084
2023-02-07 01:00:00,43,1,1,79,35.45598558715975,-122.49229475946748
2023-02-07 02:00:00,30,2,1,21,32.98510285859608,-121.14556952750284
2023-02-07 03:00:00,23,3,1,70,39.99792320691819,-118.13692780221218
2023-02-07 04:00:00,23,4,1,30,35.6653158492185,-122.68044639356488
2023-02-07 05:00:00,38,5,1,26,33.65961937737081,-122.73645970537056
2023-02-07 06:00:00,11,6,1,12,34.87444529509983,-114.6785229009223
2023-02-07 07:00:00,34,7,1,93,38.23854351038316,-115.6982999126903
2023-02-07 08:00:00,27,8,1,39,37.843951190558535,-114.22173887183808
2023-02-07 09:00:00,29,9,1,53,40.14505497610467,-117.86810090546824
2023-02-07 10:00:00,48,10,1,34,33.94067223566574,-121.52338722844948
2023-02-07 11:00:00,29,11,1,90,33.26745633033183,-115.96509438144994
2023-02-07 12:00:00,11,12,1,78,37.291154265298495,-117.88942481305001
2023-02-07 13:00:00,33,13,1,47,41.45664764392736,-122.29739399459416
2023-02-07 14:00:00,41,14,1,84,37.63201229635366,-118.07480426846067
2023-02-07 15:00:00,21,15,1,18,40.076112736161186,-122.64043364626899
2023-02-07 16:00:00,11,16,1,30,35.46701053078391,-120.61900862619007
2023-02-07 17:00:00,37,17,1,16,35.57385424252823,-114.4276374634215
2023-02-07 18:00:00,33,18,1,26,38.696980387275744,-122.63227652652297
2023-02-07 19:00:00,33,19,1,60,36.00943594120252,-121.06041186890434
2023-02-07 20:00:00,46,20,1,12,38.27520507467438,-124.28885612828702
2023-02-07 21:00:00,47,21,1,22,38.527136543463904,-122.86738671271635
2023-02-07 22:00:00,28,22,1,84,40.79132131878512,-115.74522956229613
2023-02-07 23:00:00,4,23,1,90,39.85668832778995,-117.7902504008117
2023-02-08 00:00:00,20,0,2,92,34.430544117335856,-120.34224097417633
2023-02-08 01:00:00,12,1,2,92,40.94237288149932,-117.56744703407368
2023-02-08 02:00:00,21,2,2,69,34.09223689465567,-122.05328694579642
2023-02-08 03:00:00,29,3,2,94,33.812288609238216,-123.38556814443884
2023-02-08 04:00:00,27,4,2,47,32.52703913134354,-119.95274924829121
2023-02-08 05:00:00,23,5,2,52,39.9217786232646,-114.29659298108268
2023-02-08 06:00:00,44,6,2,84,37.487566056682454,-117.70227203887875
2023-02-08 07:00:00,24,7,2,43,35.276357954525736,-120.53463296889477
2023-02-08 08:00:00,29,8,2,62,38.0022311871532,-121.44822368531715
2023-02-08 09:00:00,40,9,2,55,38.436847496221354,-115.57943361783454
2023-02-08 10:00:00,25,10,2,80,33.043861386772754,-124.4710396961204
2023-02-08 11:00:00,23,11,2,92,41.61467046816974,-117.21686278176463
2023-02-08 12:00:00,5,12,2,11,40.71710169613124,-117.18592497936622
2023-02-08 13:00:00,48,13,2,38,33.890759912637954,-123.12884835719295
2023-02-08 14:00:00,46,14,2,36,34.72809585022736,-118.05993928076184
2023-02-08 15:00:00,36,15,2,33,34.714858505441015,-123.89100292867244
2023-02-08 16:00:00,22,16,2,20,38.41930243476339,-117.07802104667981
2023-02-08 17:00:00,43,17,2,69,37.521507190574376,-116.7269588133857
2023-02-08 18:00:00,14,18,2,44,38.0647026005673,-122.48785191044632
2023-02-08 19:00:00,27,19,2,29,37.93810267702757,-121.10578148496877
2023-02-08 20:00:00,40,20,2,98,39.568248978003965,-123.41219711246552
2023-02-08 21:00:00,11,21,2,79,37.80048025789178,-122.1375038518164
2023-02-08 22:00:00,13,22,2,38,36.82835929285327,-120.66944192997528
2023-02-08 23:00:00,7,23,2,18,39.64820466648835,-118.46232210775891
2023-02-09 00:00:00,1,0,3,69,37.127734421894466,-118.88045530823842
2023-02-09 01:00:00,1,1,3,62,36.33126245376383,-114.13369895164546
2023-02-09 02:00:00,20,2,3,22,37.17085094142206,-120.97842189618268
2023-02-09 03:00:00,37,3,3,82,39.493369606514435,-118.75752470479384
2023-02-09 04:00:00,32,4,3,62,40.64828101601884,-117.66459017022885
2023-02-09 05:00:00,48,5,3,30,39.78818372463874,-118.77809524310554
2023-02-09 06:00:00,29,6,3,47,39.24610965173294,-118.82150315751505
2023-02-09 07:00:00,47,7,3,14,35.06716390269656,-116.74786436080656
2023-02-09 08:00:00,18,8,3,93,34.097033637401594,-122.5650341546595
2023-02-09 09:00:00,25,9,3,62,37.90869937535081,-120.02838979564808
2023-02-09 10:00:00,35,10,3,78,40.92472276033573,-119.51484443644864
2023-02-09 11:00:00,5,11,3,97,37.64519124636599,-116.10114380434106
2023-02-09 12:00:00,42,12,3,92,37.94338821148632,-118.0238368711119
2023-02-09 13:00:00,16,13,3,83,41.56623747362029,-123.7829567196296
2023-02-09 14:00:00,39,14,3,41,35.283029200522456,-116.97481201720605
2023-02-09 15:00:00,2,15,3,51,33.5709062470156,-121.55953967692565
2023-02-09 16:00:00,9,16,3,54,39.87786454810032,-114.86863356002299
2023-02-09 17:00:00,15,17,3,67,39.0382332802582,-118.10217892469818
2023-02-09 18:00:00,42,18,3,27,34.46262201940168,-117.68533486954995
2023-02-09 19:00:00,23,19,3,58,37.03048844788455,-120.55561417051203
2023-02-09 20:00:00,43,20,3,78,35.982051770347034,-114.97644126473935
2023-02-09 21:00:00,7,21,3,96,32.59392398294956,-119.33278384244734
2023-02-09 22:00:00,18,22,3,32,35.54983368562455,-114.6444714739626
2023-02-09 23:00:00,11,23,3,89,33.74548099211568,-123.41711280703079
2023-02-10 00:00:00,39,0,4,16,36.56339505173479,-122.2060701712437
2023-02-10 01:00:00,35,1,4,16,35.87548652846761,-115.19628065653116
2023-02-10 02:00:00,41,2,4,62,36.30190211291791,-123.46702085880315
2023-02-10 03:00:00,27,3,4,63,38.678067920582656,-121.42949244870306
2023-02-10 04:00:00,1,4,4,98,41.85201989806524,-121.62756996956577
2023-02-10 05:00:00,1,5,4,46,37.049995997527034,-120.33302008486898
2023-02-10 06:00:00,33,6,4,11,35.08923290854049,-116.60648705237777
2023-02-10 07:00:00,47,7,4,26,34.060436346494185,-122.39983131797281
2023-02-10 08:00:00,21,8,4,25,39.26379741213821,-116.40013110006493
2023-02-10 09:00:00,2,9,4,48,41.37680268390869,-119.2190028556343
2023-02-10 10:00:00,19,10,4,81,39.789829514195226,-120.7149455331722
2023-02-10 11:00:00,18,11,4,60,34.212905889274786,-115.08262653552539
2023-02-10 12:00:00,44,12,4,32,34.40665528645454,-114.91540678435827
2023-02-10 13:00:00,37,13,4,98,38.39861827203829,-118.90529029096578
2023-02-10 14:00:00,5,14,4,31,40.61780102112084,-115.44673490834634
2023-02-10 15:00:00,37,15,4,90,40.86165031901929,-117.01235063436832
2023-02-10 16:00:00,8,16,4,90,35.696461330171495,-115.82589249560354
2023-02-10 17:00:00,6,17,4,14,37.44792921598014,-115.70989518981476
2023-02-10 18:00:00,24,18,4,46,36.86521846853665,-124.08349548757437
2023-02-10 19:00:00,35,19,4,26,38.41649301804951,-120.04522885506991
2023-02-10 20:00:00,5,20,4,54,34.349774403187546,-115.52607376847602
2023-02-10 21:00:00,35,21,4,33,41.99561369787823,-118.30717345567362
2023-02-10 22:00:00,15,22,4,97,36.67916115634732,-119.01903245501468
2023-02-10 23:00:00,8,23,4,99,36.44296803723599,-118.05614491459968
2023-02-11 00:00:00,32,0,5,79,40.27171353315205,-117.611233021695
2023-02-11 01:00:00,32,1,5,14,33.372227080081814,-117.30184474646161
2023-02-11 02:00:00,5,2,5,76,40.79327159681016,-120.92387825697189
2023-02-11 03:00:00,35,3,5,91,40.200452155661,-123.69101465604305
2023-02-11 04:00:00,47,4,5,30,37.90389300238315,-114.96027794238425
2023-02-11 05:00:00,21,5,5,42,38.2103817730897,-123.4273693260228
2023-02-11 06:00:00,37,6,5,38,41.91186035542023,-124.09100785505092
2023-02-11 07:00:00,21,7,5,18,34.26883648528644,-122.7031708517785
2023-02-11 08:00:00,43,8,5,55,39.05670596618369,-114.12243972014238
2023-02-11 09:00:00,19,9,5,48,34.93866001982337,-118.42252987155942
2023-02-11 10:00:00,49,10,5,70,38.75762057949811,-120.08057576944714
2023-02-11 11:00:00,7,11,5,76,38.83284504084987,-114.8871952662245
2023-02-11 12:00:00,4,12,5,54,41.386211953640434,-117.7069039272527
2023-02-11 13:00:00,46,13,5,79,32.73811138862811,-124.11056034049187
2023-02-11 14:00:00,9,14,5,94,37.11229685350435,-121.86433328538149
2023-02-11 15:00:00,8,15,5,75,38.525675747624604,-122.39226052294563
